Overall_Rank,Field_Rank,coder,Full Journal Title,Journal Impact Factor,ESI_field,journalHomepage,"originalLink_statGuidance
","permaLink_statGuidance
","notes
",TH check
23,1,MM,AGRICULTURAL AND FOREST METEOROLOGY,4.039,AGRICULTURAL SCIENCES,https://www.sciencedirect.com/journal/agricultural-and-forest-meteorology,NA,NA,FALSE,OK
28,2,MSH,THEORETICAL AND APPLIED GENETICS,3.93,AGRICULTURAL SCIENCES,https://link.springer.com/journal/122,https://www.springer.com/journal/122/submission-guidelines#Instructions%20for%20Authors_Minimum%20requirements%20for%20experimental%20studies,https://perma.cc/QT36-FYN7,"Unsure whether this counts as actual statistical guidance, but see ""Minimum requirements for experimental studies""",NA
35,3,MM,GENETICS SELECTION EVOLUTION,3.743,AGRICULTURAL SCIENCES,https://gsejournal.biomedcentral.com/,https://www.biomedcentral.com/getpublished/editorial-policies,https://perma.cc/5QHZ-ZB76,"This page refers to SAMPL/EQUATOR, see under ""Statistical methods"" (you may need to use Screenshot View in Perma)",NA
59,4,DS,Journal of the Academy of Nutrition and Dietetics,4.021,AGRICULTURAL SCIENCES,https://jandonline.org,https://jandonline.org/content/authorinfo,https://perma.cc/5FLN-JPLR,"This page refers to CONSORT, see under ""Study Design and Checklists""",NA
108,5,MM,Agronomy for Sustainable Development,4.503,AGRICULTURAL SCIENCES,https://link.springer.com/journal/13593,NA,NA,FALSE,OK
150,6,MSH,MOLECULAR NUTRITION & FOOD RESEARCH,5.151,AGRICULTURAL SCIENCES,https://onlinelibrary.wiley.com/journal/16134133,NA,NA,FALSE,OK
157,7,MSH,JOURNAL OF NUTRITION,4.398,AGRICULTURAL SCIENCES,https://academic.oup.com/jn,https://academic.oup.com/jn/pages/General_Instructions,https://perma.cc/W3WA-7CTE,"This page refers to CONSORT, see under ""4. Methods"". See also under ""Statistical methods"", although this may be reporting guidance more than actual statistical guidance",NA
211,8,MSH,Nutrients,4.196,AGRICULTURAL SCIENCES,https://www.mdpi.com/journal/nutrients,https://www.mdpi.com/journal/nutrients/instructions#preparation,https://perma.cc/Q4ZE-33YJ,"This page refers to CONSORT, see under ""Clinical Trials Registration""",NA
358,9,DS,INDUSTRIAL CROPS AND PRODUCTS,3.849,AGRICULTURAL SCIENCES,https://www.journals.elsevier.com/industrial-crops-and-products,NA,NA,FALSE,OK
369,10,DS,SOIL BIOLOGY & BIOCHEMISTRY,4.926,AGRICULTURAL SCIENCES,https://www.journals.elsevier.com/soil-biology-and-biochemistry,https://www.elsevier.com/journals/soil-biology-and-biochemistry/0038-0717/guide-for-authors,https://perma.cc/V3RS-C7ZQ,"Seems to be some limited guidance under the 'results' sub-heading
",NA
485,11,MM,FOOD MICROBIOLOGY,4.09,AGRICULTURAL SCIENCES,https://www.journals.elsevier.com/food-microbiology,NA,NA,FALSE,OK
522,12,DS,Global Change Biology Bioenergy,5.415,AGRICULTURAL SCIENCES,https://onlinelibrary.wiley.com/journal/17571707,NA,NA,FALSE,OK
647,13,MM,BIOLOGY AND FERTILITY OF SOILS,3.808,AGRICULTURAL SCIENCES,https://link.springer.com/journal/374,NA,NA,FALSE,OK
915,14,MSH,FOOD HYDROCOLLOIDS,5.089,AGRICULTURAL SCIENCES,https://www.journals.elsevier.com/food-hydrocolloids,NA,NA,FALSE,OK
1637,15,DS,SOIL & TILLAGE RESEARCH,3.824,AGRICULTURAL SCIENCES,https://www.journals.elsevier.com/soil-and-tillage-research,NA,NA,FALSE,OK
7,1,MM,Science Translational Medicine,16.71,BIOLOGY & BIOCHEMISTRY,https://stm.sciencemag.org,Link1: https://stm.sciencemag.org/content/instructions-authors-new-research-articles Link 2: https://stm.sciencemag.org/content/science-translational-medicine-general-policies,Link 1 : https://perma.cc/D9F6-LA7T Link 2: https://perma.cc/LXY6-CYD4,"Link 1: See under ""Experimental Design and Statistics Guidelines""; Link 2: See under ""Statistical Analysis""",NA
13,2,MSH,Nature Methods,26.919,BIOLOGY & BIOCHEMISTRY,https://www.nature.com/nmeth/,https://www.nature.com/nature-research/editorial-policies/reporting-standards,https://perma.cc/Q2WQ-FPNP,"See OSF Storage file ""Nature_LifeSciences-reporting-summary.pdf"" (https://osf.io/wrstc/)  (probably needs to be downloaded - problems arise when opened in browser)",NA
67,3,MM,Cell Systems,8.982,BIOLOGY & BIOCHEMISTRY,https://www.cell.com/cell-systems/home,https://marlin-prod.literatumonline.com/pb-assets/journals/research/cell/methods/Methods%20Guide_general.pdf,https://perma.cc/B4Q7-RFTJ,"Unsure whether this counts as actual statistical guidance, but see e.g. under ""QUANTIFICATION AND STATISTICAL ANALYSIS""",NA
126,4,DS,MATRIX BIOLOGY,8.136,BIOLOGY & BIOCHEMISTRY,https://www.journals.elsevier.com/matrix-biology,NA,NA,FALSE,OK
198,5,MM,Nature Protocols,12.423,BIOLOGY & BIOCHEMISTRY,https://www.nature.com/nprot/,https://www.nature.com/nature-research/editorial-policies/reporting-standards,https://perma.cc/Q2WQ-FPNP,"See OSF Storage file ""Nature_LifeSciences-reporting-summary.pdf"" (https://osf.io/wrstc/)  (probably needs to be downloaded - problems arise when opened in browser)",NA
279,6,MSH,Nature Biotechnology,35.724,BIOLOGY & BIOCHEMISTRY,https://www.nature.com/nbt/,https://www.nature.com/nature-research/editorial-policies/reporting-standards,https://perma.cc/Q2WQ-FPNP,"See OSF Storage file ""Nature_LifeSciences-reporting-summary.pdf"" (https://osf.io/wrstc/)  (probably needs to be downloaded - problems arise when opened in browser)",NA
319,7,MSH,METABOLIC ENGINEERING,7.674,BIOLOGY & BIOCHEMISTRY,https://www.journals.elsevier.com/metabolic-engineering,NA,NA,FALSE,OK
380,8,MSH,Nature Structural & Molecular Biology,13.333,BIOLOGY & BIOCHEMISTRY,https://www.nature.com/nsmb/,https://www.nature.com/nature-research/editorial-policies/reporting-standards,https://perma.cc/Q2WQ-FPNP,"See OSF Storage file ""Nature_LifeSciences-reporting-summary.pdf"" (https://osf.io/wrstc/)  (probably needs to be downloaded - problems arise when opened in browser)",NA
437,9,DS,CURRENT BIOLOGY,9.251,BIOLOGY & BIOCHEMISTRY,https://www.cell.com/current-biology/home,https://marlin-prod.literatumonline.com/pb-assets/journals/research/cell/methods/Methods%20Guide_general.pdf,https://perma.cc/B4Q7-RFTJ,"Unsure whether this counts as actual statistical guidance, but see e.g. under ""QUANTIFICATION AND STATISTICAL ANALYSIS""",NA
584,10,DS,PLOS BIOLOGY,9.163,BIOLOGY & BIOCHEMISTRY,https://journals.plos.org/plosbiology/,https://journals.plos.org/plosbiology/s/submission-guidelines,https://perma.cc/9TCY-SNX3; https://perma.cc/54JN-EPXJ,This page refers to external guidelines,NA
628,11,MM,JOURNAL OF PINEAL RESEARCH,11.613,BIOLOGY & BIOCHEMISTRY,https://onlinelibrary.wiley.com/journal/1600079x,https://onlinelibrary.wiley.com/page/journal/1600079x/homepage/forauthors.html,https://perma.cc/T8Q7-2DEU?type=image,Refers to ARRIVE guidelines - don't know if these contain stats guidance,NA
653,12,DS,NUCLEIC ACIDS RESEARCH,11.561,BIOLOGY & BIOCHEMISTRY,https://academic.oup.com/nar,Link 1: https://academic.oup.com/nar/pages/Ms_Prep_Submission ; Link 2: https://personal.utdallas.edu/~serfling/3332/Biology_statistics_made_simple_using_Excel.pdf ; Link 3: https://www.ncbi.nlm.nih.gov/books/NBK153593/ Link 4: http://www.biostathandbook.com/,Link 1: https://perma.cc/3BTJ-C4NC; Link 2: https://perma.cc/EPP5-M3AL ; Link 3: https://perma.cc/3BBN-7U9U ; Link 4: https://perma.cc/LEV7-KV7T,"See under ""Statistical analyses"" (Link 1). This page refers to external resources (link 2 and 3). Link 4 is a link to a biostats book (perhaps not relevant)",NA
800,13,MM,Nature Chemical Biology,13.843,BIOLOGY & BIOCHEMISTRY,https://www.nature.com/nchembio/,https://www.nature.com/nature-research/editorial-policies/reporting-standards,https://perma.cc/Q2WQ-FPNP,"See OSF Storage file ""Nature_LifeSciences-reporting-summary.pdf"" (https://osf.io/wrstc/)  (probably needs to be downloaded - problems arise when opened in browser)",NA
837,14,MSH,eLife,7.616,BIOLOGY & BIOCHEMISTRY,https://elifesciences.org/,https://cdn.elifesciences.org/xpub/guides/transparent_reporting.pdf,https://perma.cc/WXZ9-JFUV,Unsure whether this counts as actual stats guidance or simply stats reporting. The document refers to EQUATOR.,NA
1140,15,DS,Bone Research,12.354,BIOLOGY & BIOCHEMISTRY,https://www.nature.com/boneres/,https://www.nature.com/nature-research/editorial-policies/reporting-standards,https://perma.cc/Q2WQ-FPNP,"See OSF Storage file ""Nature_LifeSciences-reporting-summary.pdf"" (https://osf.io/wrstc/)  (probably needs to be downloaded - problems arise when opened in browser)",NA
25,1,MM,JOURNAL OF THE AMERICAN CHEMICAL SOCIETY,14.357,CHEMISTRY,https://pubs.acs.org/journal/jacsat,NA,NA,FALSE,OK
43,2,MSH,Chemical Science,9.063,CHEMISTRY,https://pubs.rsc.org/-/journals/journalissues/sc#!recentarticles&adv,NA,NA,FALSE,OK
73,3,MM,APPLIED CATALYSIS B-ENVIRONMENTAL,11.698,CHEMISTRY,https://www.journals.elsevier.com/applied-catalysis-b-environmental,NA,NA,FALSE,OK
137,4,DS,ACS Catalysis,11.384,CHEMISTRY,https://pubs.acs.org/journal/accacs,NA,NA,FALSE,OK
162,5,MM,Acta Crystallographica Section C-Structural Chemistry,8.678,CHEMISTRY,https://journals.iucr.org/c/,NA,NA,FALSE,OK
247,6,MSH,Journal of Physical Chemistry Letters,8.709,CHEMISTRY,https://pubs.acs.org/journal/jpclcd,NA,NA,FALSE,OK
254,7,MSH,Nature Chemistry,26.201,CHEMISTRY,https://www.nature.com/nchem/,https://www.nature.com/nature-research/editorial-policies/reporting-standards,https://perma.cc/Q2WQ-FPNP,"See also OSF Storage files ""Nature_PhysicalSciences-lasing-reporting.pdf"" and ""Nature_PhysicalSciences-photovoltaic-reporting.pdf"" (https://osf.io/39ysd/ and https://osf.io/kwbc2/)  (probably needs to be downloaded - problems arise when opened in browser)",NA
312,8,MSH,ANGEWANDTE CHEMIE-INTERNATIONAL EDITION,12.102,CHEMISTRY,https://onlinelibrary.wiley.com/journal/15213773,https://onlinelibrary.wiley.com/page/journal/15213773/homepage/notice-to-authors,https://perma.cc/G58H-RLGV,"Possibly in the section ""Appendix: Reporting Experimental Information and Data""",NA
357,9,DS,ACCOUNTS OF CHEMICAL RESEARCH,20.955,CHEMISTRY,https://pubs.acs.org/journal/achre4,NA,NA,FALSE,OK
364,10,DS,Chem,14.104,CHEMISTRY,https://www.cell.com/chem/home,https://marlin-prod.literatumonline.com/pb-assets/journals/research/cell/methods/Methods%20Guide_general.pdf,https://perma.cc/B4Q7-RFTJ,"Unsure whether this counts as actual statistical guidance, but see e.g. under ""QUANTIFICATION AND STATISTICAL ANALYSIS""",NA
410,11,MM,GREEN CHEMISTRY,8.586,CHEMISTRY,https://www.rsc.org/journals-books-databases/about-journals/green-chemistry/,NA,NA,FALSE,OK
547,12,DS,JOURNAL OF PHOTOCHEMISTRY AND PHOTOBIOLOGY C-PHOTOCHEMISTRY REVIEWS,15.325,CHEMISTRY,https://www.journals.elsevier.com/journal-of-photochemistry-and-photobiology-c-photochemistry-reviews,NA,NA,FALSE,OK
694,13,MM,ACS Central Science,11.228,CHEMISTRY,https://pubs.acs.org/journal/acscii,NA,NA,FALSE,OK
809,14,MSH,BIOSENSORS & BIOELECTRONICS,8.173,CHEMISTRY,https://www.journals.elsevier.com/biosensors-and-bioelectronics,NA,NA,FALSE,OK
2265,15,DS,Energy & Environmental Science,30.067,CHEMISTRY,https://pubs.rsc.org/en/journals/journalissues/ee#!recentarticles&adv,https://www.rsc.org/journals-books-databases/about-journals/energy-environmental-science/#undefined,https://perma.cc/V6CD-4W9P,"See tab: ""Reporting efficiencies of solar conversion devices""",NA
133,1,MM,ANNALS OF INTERNAL MEDICINE,19.384,CLINICAL MEDICINE,https://annals.org/aim,https://annals.org/aim/pages/authors,https://perma.cc/8UAG-QLX7; https://perma.cc/6WHY-C6V3,"See under ""General Statistical Guidance""",NA
318,2,MSH,Lancet Respiratory Medicine,21.466,CLINICAL MEDICINE,https://www.thelancet.com/journals/lanres/home,https://els-jbs-prod-cdn.literatumonline.com/pb/assets/raw/Lancet/authors/tlrm-info-for-authors-1573836180133.pdf,https://perma.cc/D36K-4KEU,This document refers to CONSORT guidelines,NA
370,3,MM,JOURNAL OF CLINICAL ONCOLOGY,26.36,CLINICAL MEDICINE,https://ascopubs.org/journal/jco,https://ascopubs.org/jco/site/ifc/manuscript-guidelines.xhtml,https://perma.cc/X79Q-ULZG,"This page refers to CONSORT, see under ""Statistical Guidelines""",NA
409,4,DS,Cancer Discovery,24.373,CLINICAL MEDICINE,https://cancerdiscovery.aacrjournals.org,https://aacrjournals.org/content/authors/editorial-policies,https://perma.cc/FDZ9-UDWE,"See under ""Data Analysis and Reporting""",NA
507,5,MM,NEW ENGLAND JOURNAL OF MEDICINE,79.26,CLINICAL MEDICINE,https://www.nejm.org/author-center/home?query=main_nav_lg,https://www.nejm.org/author-center/new-manuscripts,https://perma.cc/B8NG-3A55,"See under ""Statistical Reporting Guidelines""",NA
523,6,MSH,CIRCULATION,18.881,CLINICAL MEDICINE,https://ahajournals.org/journal/circ,https://ahajournals.org/research-guidelines,https://perma.cc/4NYM-KTT3,This page refers to external guidelines,NA
565,7,MSH,JAMA Internal Medicine,19.989,CLINICAL MEDICINE,https://jamanetwork.com/journals/jamainternalmedicine,https://jamanetwork.com/journals/jamainternalmedicine/pages/instructions-for-authors,https://perma.cc/V6TU-Y3WY,"This page refers to external guidelines, e.g. CONSORT and EQUATOR",NA
570,8,MSH,JAMA Oncology,20.871,CLINICAL MEDICINE,https://jamanetwork.com/journals/jamaoncology,https://jamanetwork.com/journals/jamaoncology/pages/instructions-for-authors#,https://perma.cc/B7X3-6HNK,"This page refers to external guidelines, e.g. CONSORT and EQUATOR",NA
607,9,DS,GASTROENTEROLOGY,20.773,CLINICAL MEDICINE,https://www.gastrojournal.org,https://www.gastrojournal.org/content/authorinfo,https://perma.cc/UB3J-ARXZ?type=image,"This page refers to CONSORT, see under ""Original Articles""",NA
612,10,DS,BMJ-British Medical Journal,23.562,CLINICAL MEDICINE,https://www.bmj.com,https://www.bmj.com/sites/default/files/attachments/resources/2018/05/BMJ-InstructionsForAuthors-2018.pdf,https://perma.cc/YNK2-386N,This document refers to CONSORT and SAMPL (p. 5),NA
633,11,MM,Lancet Diabetes & Endocrinology,19.313,CLINICAL MEDICINE,https://www.thelancet.com/journals/landia/home,https://els-jbs-prod-cdn.literatumonline.com/pb/assets/raw/Lancet/authors/tlde-info-for-authors-1574695208597.pdf,https://perma.cc/TP5W-VQZQ,"This page refers to CONSORT, see p. 3",NA
723,12,DS,JAMA-JOURNAL OF THE AMERICAN MEDICAL ASSOCIATION,47.661,CLINICAL MEDICINE,https://jamanetwork.com/journals/jama,https://jamanetwork.com/journals/jama/pages/instructions-for-authors,https://perma.cc/R4NW-X6YK,"This page refers to external guidelines, e.g. CONSORT and EQUATOR",NA
988,13,MM,LANCET,53.254,CLINICAL MEDICINE,https://www.thelancet.com/journals/lancet/home,https://els-jbs-prod-cdn.literatumonline.com/pb/assets/raw/Lancet/authors/tl-info-for-authors-1573836175583.pdf,https://perma.cc/J7P4-T4Y6,"This page refers to CONSORT, see p. 3",NA
1131,14,MSH,EUROPEAN HEART JOURNAL,23.425,CLINICAL MEDICINE,https://academic.oup.com/eurheartj,https://academic.oup.com/eurheartj/pages/statistics,https://perma.cc/QF8K-QRDV,This page contains stats guidance as well as references to external guidelines,NA
1298,15,DS,LANCET ONCOLOGY,36.421,CLINICAL MEDICINE,https://www.thelancet.com/journals/lanonc/home,https://els-jbs-prod-cdn.literatumonline.com/pb/assets/raw/Lancet/authors/tlo-info-for-authors-1573836176600.pdf,https://perma.cc/6WGM-M8BC,"This document refers to external guidelines, see p. 3",NA
19,1,MM,IEEE Transactions on Cybernetics,8.803,COMPUTER SCIENCE,https://ieeexplore.ieee.org/xpl/RecentIssue.jsp?punumber=6221036,NA,NA,FALSE,OK
22,2,MSH,IEEE TRANSACTIONS ON WIRELESS COMMUNICATIONS,5.888,COMPUTER SCIENCE,https://www.comsoc.org/publications/journals/ieee-twc,NA,NA,FALSE,OK
32,3,MM,IEEE TRANSACTIONS ON COMMUNICATIONS,4.671,COMPUTER SCIENCE,https://ieeexplore.ieee.org/xpl/aboutJournal.jsp?punumber=26,NA,NA,FALSE,OK
75,4,DS,IEEE Internet of Things Journal,5.874,COMPUTER SCIENCE,http://ieee-iotj.org,NA,NA,FALSE,OK
78,5,MM,IEEE TRANSACTIONS ON EVOLUTIONARY COMPUTATION,8.124,COMPUTER SCIENCE,https://ieeexplore.ieee.org/xpl/RecentIssue.jsp?punumber=4235,NA,NA,FALSE,OK
183,6,MSH,IEEE Transactions on Information Forensics and Security,5.824,COMPUTER SCIENCE,https://ieeexplore.ieee.org/xpl/RecentIssue.jsp?punumber=10206,NA,NA,FALSE,OK
208,7,MSH,IEEE JOURNAL ON SELECTED AREAS IN COMMUNICATIONS,7.172,COMPUTER SCIENCE,https://ieeexplore.ieee.org/xpl/RecentIssue.jsp?punumber=49,NA,NA,FALSE,OK
292,8,MSH,IEEE Transactions on Cloud Computing,7.928,COMPUTER SCIENCE,https://ieeexplore.ieee.org/xpl/RecentIssue.jsp?punumber=6245519,NA,NA,FALSE,OK
345,9,DS,Information Fusion,6.639,COMPUTER SCIENCE,https://www.journals.elsevier.com/information-fusion,NA,NA,FALSE,OK
517,10,DS,Journal of Statistical Software,22.737,COMPUTER SCIENCE,https://www.jstatsoft.org/index,NA,NA,FALSE,OK
701,11,MM,IEEE WIRELESS COMMUNICATIONS,9.202,COMPUTER SCIENCE,https://ieeexplore.ieee.org/xpl/RecentIssue.jsp?punumber=7742,NA,NA,FALSE,OK
1065,12,DS,IEEE Transactions on Neural Networks and Learning Systems,7.982,COMPUTER SCIENCE,https://ieeexplore.ieee.org/xpl/RecentIssue.jsp?punumber=5962385,NA,NA,FALSE,OK
1188,13,MM,IEEE Computational Intelligence Magazine,6.611,COMPUTER SCIENCE,https://ieeexplore.ieee.org/xpl/RecentIssue.jsp?punumber=10207,NA,NA,FALSE,OK
1822,14,MSH,MEDICAL IMAGE ANALYSIS,5.356,COMPUTER SCIENCE,https://www.journals.elsevier.com/medical-image-analysis,NA,NA,FALSE,OK
3649,15,DS,NEURAL NETWORKS,7.197,COMPUTER SCIENCE,https://www.journals.elsevier.com/neural-networks,NA,NA,FALSE,OK
17,1,MM,STRATEGIC MANAGEMENT JOURNAL,5.482,ECONOMICS & BUSINESS,https://onlinelibrary.wiley.com/journal/10970266,https://onlinelibrary.wiley.com/page/journal/10970266/homepage/forauthors.html,https://perma.cc/XLC8-GRN2,"See under ""Guidelines Regarding Empirical Research in SMJ""",NA
27,2,MSH,JOURNAL OF MANAGEMENT,8.08,ECONOMICS & BUSINESS,https://journals.sagepub.com/home/jom,https://us.sagepub.com/sites/default/files/jomquantitative_submission_reporting_requirements.pdf,https://perma.cc/Q7EX-CJA6,"See ""Reporting Requirements for Quantitative Submissions""",NA
161,3,MM,JOURNAL OF SERVICE RESEARCH,6.842,ECONOMICS & BUSINESS,https://journals.sagepub.com/home/jsr,NA,NA,FALSE,OK
173,4,DS,JOURNAL OF THE ACADEMY OF MARKETING SCIENCE,8.488,ECONOMICS & BUSINESS,https://www.springer.com/journal/11747,NA,NA,FALSE,OK
189,5,MM,JOURNAL OF FINANCE,5.397,ECONOMICS & BUSINESS,https://onlinelibrary.wiley.com/journal/15406261,NA,NA,FALSE,OK
255,6,MSH,Journal of Supply Chain Management,6.105,ECONOMICS & BUSINESS,https://onlinelibrary.wiley.com/journal/1745493x,NA,NA,FALSE,OK
321,7,MSH,JOURNAL OF INTERNATIONAL BUSINESS STUDIES,6.198,ECONOMICS & BUSINESS,http://www.jibs.net,NA,NA,FALSE,OK
368,8,MSH,JOURNAL OF MARKETING,7.338,ECONOMICS & BUSINESS,https://www.ama.org/journal-of-marketing/,NA,NA,FALSE,OK
395,9,DS,JOURNAL OF BUSINESS VENTURING,6,ECONOMICS & BUSINESS,https://www.journals.elsevier.com/journal-of-business-venturing,NA,NA,FALSE,OK
599,10,DS,JOURNAL OF RETAILING,5.48,ECONOMICS & BUSINESS,https://www.sciencedirect.com/journal/journal-of-retailing,NA,NA,FALSE,OK
604,11,MM,ADMINISTRATIVE SCIENCE QUARTERLY,5.878,ECONOMICS & BUSINESS,https://journals.sagepub.com/home/asq,NA,NA,FALSE,OK
607,12,DS,JOURNAL OF ECONOMIC GROWTH,6.48,ECONOMICS & BUSINESS,https://link.springer.com/journal/10887,https://www.springer.com/journal/10887/submission-guidelines,NA,NA,NA
756,13,MM,JOURNAL OF HUMAN RESOURCES,6.531,ECONOMICS & BUSINESS,http://jhr.uwpress.org,NA,NA,FALSE,OK
1076,14,MSH,QUARTERLY JOURNAL OF ECONOMICS,7.863,ECONOMICS & BUSINESS,https://academic.oup.com/qje,NA,NA,FALSE,OK
1111,15,DS,ACADEMY OF MANAGEMENT JOURNAL,6.7,ECONOMICS & BUSINESS,http://aom.org/amj/,NA,NA,FALSE,OK
130,1,MM,INTERNATIONAL JOURNAL OF COMPUTER VISION,11.541,ENGINEERING,https://link.springer.com/journal/11263,NA,NA,FALSE,OK
134,2,MSH,Nature Energy,46.859,ENGINEERING,https://www.nature.com/nenergy/,https://www.nature.com/nature-research/editorial-policies/reporting-standards,https://perma.cc/Q2WQ-FPNP,"See also OSF Storage files ""Nature_PhysicalSciences-lasing-reporting.pdf"" and ""Nature_PhysicalSciences-photovoltaic-reporting.pdf"" (https://osf.io/39ysd/ and https://osf.io/kwbc2/)  (probably needs to be downloaded - problems arise when opened in browser)",NA
291,3,MM,IEEE TRANSACTIONS ON INDUSTRIAL ELECTRONICS,7.05,ENGINEERING,https://ieeexplore.ieee.org/xpl/RecentIssue.jsp?punumber=41,NA,NA,FALSE,OK
335,4,DS,INTERNATIONAL JOURNAL OF ENGINEERING SCIENCE,7.023,ENGINEERING,https://www.journals.elsevier.com/international-journal-of-engineering-science,NA,NA,FALSE,OK
347,5,MM,RENEWABLE & SUSTAINABLE ENERGY REVIEWS,9.184,ENGINEERING,https://www.journals.elsevier.com/renewable-and-sustainable-energy-reviews,NA,NA,FALSE,OK
352,6,MSH,CHEMICAL ENGINEERING JOURNAL,6.735,ENGINEERING,https://www.journals.elsevier.com/chemical-engineering-journal,NA,NA,FALSE,OK
474,7,MSH,IEEE TRANSACTIONS ON FUZZY SYSTEMS,8.415,ENGINEERING,https://ieeexplore.ieee.org/xpl/RecentIssue.jsp?punumber=91,NA,NA,FALSE,OK
623,8,MSH,IEEE Transactions on Smart Grid,7.365,ENGINEERING,https://ieeexplore.ieee.org/xpl/RecentIssue.jsp?punumber=5165411,NA,NA,FALSE,OK
657,9,DS,Applied Mechanics Reviews,7.848,ENGINEERING,https://asmedigitalcollection.asme.org/appliedmechanicsreviews,NA,NA,FALSE,OK
668,10,DS,PROGRESS IN PHOTOVOLTAICS,6.456,ENGINEERING,https://onlinelibrary.wiley.com/journal/1099159x,NA,NA,FALSE,OK
977,11,MM,PROCEEDINGS OF THE IEEE,9.107,ENGINEERING,https://proceedingsoftheieee.ieee.org,NA,NA,FALSE,OK
1002,12,DS,APPLIED ENERGY,7.9,ENGINEERING,https://www.journals.elsevier.com/applied-energy,NA,NA,FALSE,OK
1364,13,MM,IEEE TRANSACTIONS ON PATTERN ANALYSIS AND MACHINE INTELLIGENCE,9.455,ENGINEERING,https://ieeexplore.ieee.org/xpl/RecentIssue.jsp?punumber=34,NA,NA,FALSE,OK
1556,14,MSH,IEEE TRANSACTIONS ON POWER ELECTRONICS,6.812,ENGINEERING,https://ieeexplore.ieee.org/xpl/RecentIssue.jsp?punumber=63,NA,NA,FALSE,OK
3489,15,DS,JOURNAL OF HAZARDOUS MATERIALS,6.434,ENGINEERING,https://www.journals.elsevier.com/journal-of-hazardous-materials,NA,NA,FALSE,OK
60,1,MM,ECOLOGY LETTERS,9.137,ENVIRONMENT_ECOLOGY,https://onlinelibrary.wiley.com/journal/14610248,NA,NA,FALSE,OK
193,2,MSH,FRONTIERS IN ECOLOGY AND THE ENVIRONMENT,8.302,ENVIRONMENT_ECOLOGY,https://www.frontiersinecology.org/fron/,https://www.frontiersin.org/journals/microbiology#author-guidelines,https://perma.cc/AZ5F-ZPBX,NA,NA
200,3,MM,GLOBAL CHANGE BIOLOGY,8.997,ENVIRONMENT_ECOLOGY,https://onlinelibrary.wiley.com/journal/13652486,NA,NA,FALSE,OK
259,4,DS,WATER RESEARCH,7.051,ENVIRONMENT_ECOLOGY,https://www.journals.elsevier.com/water-research,NA,NA,FALSE,OK
263,5,MM,MOLECULAR ECOLOGY,6.131,ENVIRONMENT_ECOLOGY,https://onlinelibrary.wiley.com/journal/1365294x,https://onlinelibrary.wiley.com/page/journal/1365294x/homepage/forauthors.html,https://web.archive.org/web/20191120103646/https://onlinelibrary.wiley.com/page/journal/1365294x/homepage/forauthors.html,NA,NA
272,6,MSH,LAND DEGRADATION & DEVELOPMENT,7.27,ENVIRONMENT_ECOLOGY,https://onlinelibrary.wiley.com/journal/1099145x,NA,NA,FALSE,OK
302,7,MSH,ECOLOGICAL MONOGRAPHS,7.828,ENVIRONMENT_ECOLOGY,https://esajournals.onlinelibrary.wiley.com/journal/15577015,https://esajournals.onlinelibrary.wiley.com/hub/journal/15577015/resources/author-guidelines-ecm,https://perma.cc/UE4J-7HZG,"See under ""Statistical analyses and data presentation""",NA
325,8,MSH,ENVIRONMENT INTERNATIONAL,7.297,ENVIRONMENT_ECOLOGY,https://www.journals.elsevier.com/environment-international,NA,http://web.archive.org/web/20190609233228/https://www.elsevier.com/journals/environment-international/0160-4120/guidance-notes,NA,NA
333,9,DS,Environmental Science-Nano,6.087,ENVIRONMENT_ECOLOGY,https://pubs.rsc.org/en/journals/journalissues/en#!recentarticles&adv,NA,NA,FALSE,OK
413,10,DS,Conservation Letters,7.279,ENVIRONMENT_ECOLOGY,https://conbio.onlinelibrary.wiley.com/journal/1755263x,https://conbio.onlinelibrary.wiley.com/hub/journal/1755263x/homepage/forauthors.html,http://web.archive.org/web/20191120103131/https://conbio.onlinelibrary.wiley.com/hub/journal/1755263x/homepage/forauthors.html,NA,NA
444,11,MM,Nature Climate Change,19.181,ENVIRONMENT_ECOLOGY,https://www.nature.com/nclimate/,https://www.nature.com/nature-research/editorial-policies/reporting-standards,https://perma.cc/Q2WQ-FPNP,"See also OSF Storage file ""Nature_LifeSciences-reporting-summary.pdf"" (https://osf.io/wrstc/)  (probably needs to be downloaded - problems arise when opened in browser)",NA
479,12,DS,Molecular Ecology Resources,7.059,ENVIRONMENT_ECOLOGY,https://onlinelibrary.wiley.com/journal/17550998,https://onlinelibrary.wiley.com/page/journal/17550998/homepage/forauthors.html,https://web.archive.org/web/20191120103308/https://onlinelibrary.wiley.com/page/journal/17550998/homepage/forauthors.html,NA,NA
733,13,MM,ENVIRONMENTAL HEALTH PERSPECTIVES,8.44,ENVIRONMENT_ECOLOGY,https://ehp.niehs.nih.gov,https://ehp.niehs.nih.gov/authors/research-articles,https://perma.cc/T8KP-CLZM,"Unsure whether this counts, but this page refers to STROBE, see under ""Methods""",NA
836,14,MSH,ENVIRONMENTAL SCIENCE & TECHNOLOGY,6.653,ENVIRONMENT_ECOLOGY,https://pubs.acs.org/journal/esthag,https://publish.acs.org/publish/author_guidelines?coden=esthag,NA,NA,NA
1214,15,DS,SYSTEMATIC BIOLOGY,8.523,ENVIRONMENT_ECOLOGY,https://academic.oup.com/sysbio,NA,NA,FALSE,OK
50,1,MM,Nature Geoscience,14.391,GEOSCIENCES,https://www.nature.com/ngeo/,https://www.nature.com/nature-research/editorial-policies/reporting-standards,https://perma.cc/Q2WQ-FPNP,"See also OSF Storage file ""Nature_LifeSciences-reporting-summary.pdf"" (https://osf.io/wrstc/)  (probably needs to be downloaded - problems arise when opened in browser)",NA
184,2,MSH,JOURNAL OF THE METEOROLOGICAL SOCIETY OF JAPAN,5.023,GEOSCIENCES,https://jmsj.metsoc.jp,NA,NA,FALSE,OK
201,3,MM,Cryosphere,4.524,GEOSCIENCES,https://www.the-cryosphere.net,NA,NA,FALSE,OK
303,4,DS,Earth System Science Data,8.792,GEOSCIENCES,https://www.earth-system-science-data.net,NA,NA,FALSE,OK
332,5,MM,JOURNAL OF GEODESY,4.633,GEOSCIENCES,https://link.springer.com/journal/190,NA,NA,FALSE,OK
371,6,MSH,BULLETIN OF THE AMERICAN METEOROLOGICAL SOCIETY,7.804,GEOSCIENCES,https://www.ametsoc.org/index.cfm/ams/publications/bulletin-of-the-american-meteorological-society-bams/,NA,NA,FALSE,OK
376,7,MSH,GONDWANA RESEARCH,5.657,GEOSCIENCES,https://www.journals.elsevier.com/gondwana-research,NA,NA,FALSE,OK
387,8,MSH,GPS SOLUTIONS,4.727,GEOSCIENCES,https://link.springer.com/journal/10291,NA,NA,FALSE,OK
466,9,DS,REMOTE SENSING OF ENVIRONMENT,6.457,GEOSCIENCES,https://www.journals.elsevier.com/remote-sensing-of-environment,NA,NA,FALSE,OK
482,10,DS,ATMOSPHERIC CHEMISTRY AND PHYSICS,5.509,GEOSCIENCES,https://www.atmospheric-chemistry-and-physics.net,NA,NA,FALSE,OK
536,11,MM,JOURNAL OF CLIMATE,4.661,GEOSCIENCES,https://www.ametsoc.org/index.cfm/ams/publications/journals/journal-of-climate/,NA,NA,FALSE,OK
629,12,DS,ISPRS JOURNAL OF PHOTOGRAMMETRY AND REMOTE SENSING,5.994,GEOSCIENCES,https://www.journals.elsevier.com/isprs-journal-of-photogrammetry-and-remote-sensing,NA,NA,FALSE,OK
662,13,MM,IEEE TRANSACTIONS ON GEOSCIENCE AND REMOTE SENSING,4.662,GEOSCIENCES,https://ieeexplore.ieee.org/xpl/RecentIssue.jsp?punumber=36,NA,NA,FALSE,OK
710,14,MSH,GEOLOGY,5.073,GEOSCIENCES,https://pubs.geoscienceworld.org/geology,NA,NA,FALSE,OK
902,15,DS,GEOCHIMICA ET COSMOCHIMICA ACTA,4.69,GEOSCIENCES,https://www.sciencedirect.com/journal/geochimica-et-cosmochimica-acta,NA,NA,FALSE,OK
95,1,MM,JOURNAL OF ALLERGY AND CLINICAL IMMUNOLOGY,13.258,IMMUNOLOGY,https://www.jacionline.org,https://www.jacionline.org/content/authorinfo,https://perma.cc/H7HR-D99E,"See under ""Special instructions regarding statistical analyses and reporting"" (you may need to use Screenshot View in Perma)",NA
152,2,MSH,JOURNAL OF EXPERIMENTAL MEDICINE,10.79,IMMUNOLOGY,http://jem.rupress.org,http://jem.rupress.org/submission-guidelines,https://perma.cc/Z938-GKQ9,"See under ""Statistical analysis""",NA
266,3,MM,Mucosal Immunology,7.36,IMMUNOLOGY,https://www.nature.com/mi/,https://www.nature.com/nature-research/editorial-policies/reporting-standards,https://perma.cc/Q2WQ-FPNP,"See OSF Storage file ""Nature_LifeSciences-reporting-summary.pdf"" (https://osf.io/wrstc/)  (probably needs to be downloaded - problems arise when opened in browser)",NA
322,4,DS,LANCET INFECTIOUS DISEASES,25.148,IMMUNOLOGY,https://www.thelancet.com/journals/laninf/issue/current,https://els-jbs-prod-cdn.literatumonline.com/pb/assets/raw/Lancet/authors/tlid-info-for-authors-1573836174757.pdf,https://perma.cc/RK4R-ZYHA,This page refers to CONSORT,NA
336,5,MM,IMMUNITY,19.734,IMMUNOLOGY,https://www.sciencedirect.com/journal/immunity,https://marlin-prod.literatumonline.com/pb-assets/journals/research/cell/methods/Methods%20Guide_general.pdf,https://perma.cc/B4Q7-RFTJ,"Unsure whether this counts as actual statistical guidance, but see e.g. under ""QUANTIFICATION AND STATISTICAL ANALYSIS""",NA
344,6,MSH,CLINICAL INFECTIOUS DISEASES,9.117,IMMUNOLOGY,https://academic.oup.com/cid,NA,NA,FALSE,OK
455,7,MSH,JOURNAL OF AUTOIMMUNITY,7.607,IMMUNOLOGY,https://www.journals.elsevier.com/journal-of-autoimmunity,https://www.elsevier.com/journals/journal-of-autoimmunity/0896-8411/guide-for-authors,http://web.archive.org/web/20160603195841/https://www.elsevier.com/journals/journal-of-autoimmunity/0896-8411/guide-for-authors,NA,NA
483,8,MSH,Journal of Allergy and Clinical Immunology-In Practice,6.966,IMMUNOLOGY,https://www.jaci-inpractice.org,https://www.jaci-inpractice.org/content/authorinfo#idp1389888,https://perma.cc/539J-9RUY?type=image,"See under ""Special instructions regarding statistical analyses and reporting"" (you may need to use Screenshot View in Perma)",NA
504,9,DS,EMERGING INFECTIOUS DISEASES,7.422,IMMUNOLOGY,https://wwwnc.cdc.gov/eid/,https://wwwnc.cdc.gov/eid/page/mathematical-modeling-guidelines,https://perma.cc/Q4AP-6SVF,"Unsure whether this counts, but see under ""Technical aspects""",NA
640,10,DS,Lancet HIV,11.355,IMMUNOLOGY,https://www.thelancet.com/journals/lanhiv/home,https://www.thelancet.com/pb/assets/raw/Lancet/authors/tlhiv-info-for-authors.pdf,https://perma.cc/N76B-FJ33,This document refers to CONSORT,NA
646,11,MM,ALLERGY,6.048,IMMUNOLOGY,https://onlinelibrary.wiley.com/journal/13989995,https://onlinelibrary.wiley.com/page/journal/13989995/homepage/forauthors.html,https://web.archive.org/web/20191120115804/https://onlinelibrary.wiley.com/page/journal/13989995/homepage/forauthors.html,NA,NA
770,12,DS,Journal for ImmunoTherapy of Cancer,8.374,IMMUNOLOGY,https://jitc.biomedcentral.com,https://jitc.biomedcentral.com/submission-guidelines/preparing-your-manuscript/research-article,https://perma.cc/KQ99-THZM,"This page refers to CONSORT, see under ""Abstract""",NA
995,13,MM,Eurosurveillance,7.127,IMMUNOLOGY,https://www.eurosurveillance.org,https://www.eurosurveillance.org/for-authors,https://perma.cc/RZB7-MSTS,"This page refers to external guidelines, see under ""Regular articles""",NA
1017,14,MSH,Cellular & Molecular Immunology,7.551,IMMUNOLOGY,https://www.nature.com/cmi/,https://www.nature.com/nature-research/editorial-policies/reporting-standards,https://perma.cc/Q2WQ-FPNP,"See OSF Storage file ""Nature_LifeSciences-reporting-summary.pdf"" (https://osf.io/wrstc/)  (probably needs to be downloaded - problems arise when opened in browser)",NA
1538,15,DS,Nature Immunology,21.809,IMMUNOLOGY,https://www.nature.com/ni/,https://www.nature.com/nature-research/editorial-policies/reporting-standards,https://perma.cc/Q2WQ-FPNP,"See OSF Storage file ""Nature_LifeSciences-reporting-summary.pdf"" (https://osf.io/wrstc/)  (probably needs to be downloaded - problems arise when opened in browser)",NA
15,1,MM,Journal of Materials Chemistry A,9.931,MATERIALS SCIENCE,https://pubs.rsc.org/en/journals/journalissues/ta#!recentarticles&adv,NA,NA,FALSE,OK
72,2,MSH,ACS Energy Letters,12.277,MATERIALS SCIENCE,https://pubs.acs.org/journal/aelccp,NA,NA,FALSE,OK
76,3,MM,CHEMISTRY OF MATERIALS,9.89,MATERIALS SCIENCE,https://pubs.acs.org/journal/cmatex,https://publish.acs.org/publish/author_guidelines?coden=cmatex,https://perma.cc/AS9J-BHTD,"Possibly in the section ""Data Requirements""",NA
124,4,DS,BIOMATERIALS,8.806,MATERIALS SCIENCE,https://www.journals.elsevier.com/biomaterials,NA,NA,FALSE,OK
205,5,MM,Advanced Energy Materials,21.875,MATERIALS SCIENCE,https://onlinelibrary.wiley.com/journal/16146840,https://onlinelibrary.wiley.com/page/journal/16146840/homepage/2528_authorresources.html,https://perma.cc/VXP2-346N,"See OSF Storage file ""AEM_checklist"" (https://osf.io/4u6pr/), which refers to CONSORT. This file looks like general guidelines, but was specifically found through the Author Resources for Advanced Energy Materials (see link; ""Manuscript Preparation Checklist"") and is not generally referred to by all Wiley journals",NA
207,6,MSH,ACS Nano,13.709,MATERIALS SCIENCE,https://pubs.acs.org/journal/ancac3,https://www.elsevier.com/journals/nano-energy/2211-2855/guide-for-authors,NA,NA,NA
241,7,MSH,ADVANCED MATERIALS,21.95,MATERIALS SCIENCE,https://onlinelibrary.wiley.com/journal/15214095,NA,NA,"See OSF Storage file ""AdvancedMaterials_guidelines"" (p. 7) (https://osf.io/5buf6/), which refers to external guidelines",NA
282,8,MSH,Nano Energy,13.12,MATERIALS SCIENCE,https://www.journals.elsevier.com/nano-energy,https://www.elsevier.com/journals/nano-energy/2211-2855/guide-for-authors,http://web.archive.org/web/20160801095621/https://www.elsevier.com/journals/nano-energy/2211-2855/guide-for-authors,NA,NA
415,9,DS,Materials Today,24.537,MATERIALS SCIENCE,http://www.elsevier.com/locate/issn/1369-7021,NA,NA,FALSE,OK
584,10,DS,Nature Nanotechnology,37.49,MATERIALS SCIENCE,https://www.nature.com/nnano/,https://www.nature.com/nature-research/editorial-policies/reporting-standards,https://perma.cc/Q2WQ-FPNP,"See also OSF Storage files ""Nature_PhysicalSciences-lasing-reporting.pdf"" and ""Nature_PhysicalSciences-photovoltaic-reporting.pdf"" (https://osf.io/39ysd/ and https://osf.io/kwbc2/)  (probably needs to be downloaded - problems arise when opened in browser)",NA
717,11,MM,Materials Horizons,13.183,MATERIALS SCIENCE,https://www.rsc.org/journals-books-databases/about-journals/materials-horizons/,NA,NA,FALSE,OK
739,12,DS,ADVANCED FUNCTIONAL MATERIALS,13.325,MATERIALS SCIENCE,https://onlinelibrary.wiley.com/journal/16163028,https://onlinelibrary.wiley.com/page/journal/16163028/homepage/2126_forauthors.html,https://perma.cc/5L7C-KSAZ,"See OSF Storage file ""AEM_checklist"" (https://osf.io/4u6pr/), which refers to CONSORT. This file looks like general guidelines, but was specifically found through the Author Resources for ADVANCED FUNCTIONAL MATERIALS and is not generally referred to by all Wiley journals",NA
998,13,MM,npj Computational Materials,8.941,MATERIALS SCIENCE,https://www.nature.com/npjcompumats/,https://www.nature.com/nature-research/editorial-policies/reporting-standards,https://perma.cc/Q2WQ-FPNP,"See also OSF Storage files ""Nature_PhysicalSciences-lasing-reporting.pdf"" and ""Nature_PhysicalSciences-photovoltaic-reporting.pdf"" (https://osf.io/39ysd/ and https://osf.io/kwbc2/)  (probably needs to be downloaded - problems arise when opened in browser)",NA
1378,14,MSH,Small,9.598,MATERIALS SCIENCE,https://onlinelibrary.wiley.com/journal/16136829,NA,NA,NA,NA
2602,15,DS,Nature Materials,39.235,MATERIALS SCIENCE,https://www.nature.com/nmat/,https://www.nature.com/nature-research/editorial-policies/reporting-standards,https://perma.cc/Q2WQ-FPNP,"See also OSF Storage files ""Nature_PhysicalSciences-lasing-reporting.pdf"" and ""Nature_PhysicalSciences-photovoltaic-reporting.pdf"" (https://osf.io/39ysd/ and https://osf.io/kwbc2/)  (probably needs to be downloaded - problems arise when opened in browser)",NA
77,1,MM,JOURNAL OF THE AMERICAN MATHEMATICAL SOCIETY,4.625,MATHEMATICS,https://www.ams.org/publications/journals/journalsframework/jams,NA,NA,FALSE,OK
87,2,MSH,Nonlinear Analysis-Hybrid Systems,4.01,MATHEMATICS,https://www.journals.elsevier.com/nonlinear-analysis-hybrid-systems,NA,NA,FALSE,OK
175,3,MM,SIAM REVIEW,4.886,MATHEMATICS,https://www.siam.org/publications/journals/siam-review-sirev,NA,NA,FALSE,OK
199,4,DS,INVENTIONES MATHEMATICAE,2.767,MATHEMATICS,https://link.springer.com/journal/222,NA,NA,FALSE,OK
215,5,MM,MATHEMATICAL MODELS & METHODS IN APPLIED SCIENCES,3.319,MATHEMATICS,https://www.worldscientific.com/worldscinet/m3as,NA,NA,FALSE,OK
222,6,MSH,Fractional Calculus and Applied Analysis,2.865,MATHEMATICS,https://www.degruyter.com/view/j/fca?lang=en,NA,NA,FALSE,OK
277,7,MSH,ANNALS OF STATISTICS,2.522,MATHEMATICS,https://www.imstat.org/journals-and-publications/annals-of-statistics/,NA,NA,FALSE,OK
281,8,MSH,ANNALS OF MATHEMATICS,4.768,MATHEMATICS,https://annals.math.princeton.edu,NA,NA,FALSE,OK
288,9,DS,FOUNDATIONS OF COMPUTATIONAL MATHEMATICS,3.056,MATHEMATICS,https://link.springer.com/journal/10208,NA,NA,FALSE,OK
412,10,DS,COMMUNICATIONS ON PURE AND APPLIED MATHEMATICS,3.386,MATHEMATICS,https://onlinelibrary.wiley.com/journal/10970312,NA,NA,FALSE,OK
604,11,MM,APPLIED MATHEMATICS LETTERS,2.462,MATHEMATICS,https://www.journals.elsevier.com/applied-mathematics-letters,NA,NA,FALSE,OK
699,12,DS,JOURNAL OF THE ROYAL STATISTICAL SOCIETY SERIES B-STATISTICAL METHODOLOGY,2.894,MATHEMATICS,https://rss.onlinelibrary.wiley.com/journal/14679868,NA,NA,FALSE,OK
722,13,MM,Advances in Nonlinear Analysis,4.674,MATHEMATICS,https://www.degruyter.com/view/j/anona,NA,NA,FALSE,OK
851,14,MSH,ARCHIVE FOR RATIONAL MECHANICS AND ANALYSIS,2.448,MATHEMATICS,https://link.springer.com/journal/205,NA,NA,FALSE,OK
2813,15,DS,APPLIED AND COMPUTATIONAL HARMONIC ANALYSIS,2.833,MATHEMATICS,https://www.journals.elsevier.com/applied-and-computational-harmonic-analysis,NA,NA,FALSE,OK
11,1,MM,CELLULAR MICROBIOLOGY,4.41,MICROBIOLOGY,https://onlinelibrary.wiley.com/journal/14625822,NA,NA,FALSE,OK
101,2,MSH,FEMS MICROBIOLOGY REVIEWS,11.392,MICROBIOLOGY,https://academic.oup.com/femsre,NA,NA,FALSE,OK
145,3,MM,Emerging Microbes & Infections,6.032,MICROBIOLOGY,https://www.tandfonline.com/loi/temi20,NA,NA,FALSE,OK
163,4,DS,Microbiome,9.133,MICROBIOLOGY,https://microbiomejournal.biomedcentral.com,https://www.biomedcentral.com/getpublished/editorial-policies,https://perma.cc/NQ5C-UK4T,"This page refers to SAMPL/EQUATOR, see under ""Statistical methods""",NA
170,5,MM,mSystems,5.75,MICROBIOLOGY,https://msystems.asm.org,Link 1: https://iai.asm.org/content/71/12/6689.full ; Link 2: https://iai.asm.org/content/82/3/916.full ; Link 3: https://jvi.asm.org/content/79/2/669,Link 1: https://perma.cc/37SH-3RQL ; Link 2: https://perma.cc/U8JV-VRG3 ; Link 3: https://perma.cc/H4TB-955H,"See OSF Storage file ""mSystems_guidelines"" (p. 14) (https://osf.io/hywxm/), which refers to papers link 1, link 2 and link 3",NA
192,6,MSH,Journal of Oral Microbiology,4.444,MICROBIOLOGY,https://www.tandfonline.com/loi/zjom20,NA,NA,FALSE,OK
197,7,MSH,mBio,6.689,MICROBIOLOGY,https://mbio.asm.org,NA,NA,FALSE,OK
210,8,MSH,Frontiers in Microbiology,4.019,MICROBIOLOGY,https://www.frontiersin.org/journals/microbiology,https://www.frontiersin.org/journals/microbiology#author-guidelines,https://perma.cc/AZ5F-ZPBX,NA,NA
305,9,DS,ISME Journal,9.52,MICROBIOLOGY,https://www.nature.com/ismej/,https://www.nature.com/ismej/authors-and-referees/policies,https://perma.cc/Z8ML-ND9C,"This page refers to CONSORT, see under ""Clinical Trials""",NA
381,10,DS,Nature Microbiology,14.174,MICROBIOLOGY,https://www.nature.com/nmicrobiol/,https://www.nature.com/nature-research/editorial-policies/reporting-standards,https://perma.cc/Q2WQ-FPNP,"See also OSF Storage file ""Nature_LifeSciences-reporting-summary.pdf"" (https://osf.io/wrstc/)  (probably needs to be downloaded - problems arise when opened in browser)",NA
403,11,MM,PLoS Pathogens,6.158,MICROBIOLOGY,https://journals.plos.org/plospathogens/,https://journals.plos.org/plospathogens/s/best-practices-in-research-reporting,https://perma.cc/6R5J-67GM,This page refers to external guidelines,NA
428,12,DS,npj Biofilms and Microbiomes,4.128,MICROBIOLOGY,https://www.nature.com/npjbiofilms/,https://www.nature.com/documents/npj-gta.pdf,https://perma.cc/P2XM-5XUB,"See OSF Storage file ""Nature_LifeSciences-reporting-summary.pdf"" (https://osf.io/wrstc/) (probably needs to be downloaded - problems arise when opened in browser)",NA
515,13,MM,Cell Host & Microbe,17.872,MICROBIOLOGY,https://www.cell.com/cell-host-microbe/home,https://marlin-prod.literatumonline.com/pb-assets/journals/research/cell/methods/Methods%20Guide_general.pdf,https://perma.cc/B4Q7-RFTJ,"Unsure whether this counts as actual statistical guidance, but see e.g. under ""QUANTIFICATION AND STATISTICAL ANALYSIS""",NA
792,14,MSH,Journal of Clinical Microbiology,4.054,MICROBIOLOGY,https://jcm.asm.org,Link 1: https://jcm.asm.org/sites/default/files/additional-assets/JCM-ITA.pdf ; Link 2: https://www.fda.gov/regulatory-information/search-fda-guidance-documents/statistical-guidance-reporting-results-studies-evaluating-diagnostic-tests-guidance-industry-and-fda,Link 1: https://perma.cc/TDD7-R8CX ; Link 2: https://perma.cc/W2EY-MSTA,"Link 1: See page 18-19. These pages refers to FDA standards, which is captured in Link 2.",NA
842,15,DS,JOURNAL OF VIROLOGY,4.368,MICROBIOLOGY,https://jvi.asm.org,NA,NA,FALSE,OK
31,1,MM,Nature Cell Biology,19.064,MOLECULAR BIOLOGY & GENETICS,https://www.nature.com/ncb/,https://www.nature.com/nature-research/editorial-policies/reporting-standards,https://perma.cc/Q2WQ-FPNP,"See also OSF Storage file ""Nature_LifeSciences-reporting-summary.pdf"" (https://osf.io/wrstc/)  (probably needs to be downloaded - problems arise when opened in browser)",NA
57,2,MSH,Autophagy,11.1,MOLECULAR BIOLOGY & GENETICS,https://www.tandfonline.com/loi/kaup20,NA,NA,FALSE,OK
63,3,MM,Nature Medicine,32.621,MOLECULAR BIOLOGY & GENETICS,https://www.nature.com/nm/,https://www.nature.com/nature-research/editorial-policies/reporting-standards,https://perma.cc/Q2WQ-FPNP,"See also OSF Storage file ""Nature_LifeSciences-reporting-summary.pdf"" (https://osf.io/wrstc/)  (probably needs to be downloaded - problems arise when opened in browser)",NA
65,4,DS,CANCER CELL,22.844,MOLECULAR BIOLOGY & GENETICS,https://www.cell.com/cancer-cell/home,https://marlin-prod.literatumonline.com/pb-assets/journals/research/cell/methods/Methods%20Guide_general.pdf,https://perma.cc/B4Q7-RFTJ,"Unsure whether this counts as actual statistical guidance, but see e.g. under ""QUANTIFICATION AND STATISTICAL ANALYSIS""",NA
82,5,MM,CELL RESEARCH,15.393,MOLECULAR BIOLOGY & GENETICS,https://www.nature.com/cr/,https://www.nature.com/nature-research/editorial-policies/reporting-standards,https://perma.cc/Q2WQ-FPNP,"See also OSF Storage file ""Nature_LifeSciences-reporting-summary.pdf"" (https://osf.io/wrstc/)  (probably needs to be downloaded - problems arise when opened in browser)",NA
132,6,MSH,EMBO JOURNAL,10.557,MOLECULAR BIOLOGY & GENETICS,https://www.embopress.org/journal/14602075,https://www.embopress.org/page/journal/14602075/authorguide,https://perma.cc/ZKA7-CEMX?type=image,"This page refers to external guidelines, see under ""Human Subjects"" (you may need to use Screenshot View)",NA
262,7,MSH,DEVELOPMENTAL CELL,9.616,MOLECULAR BIOLOGY & GENETICS,https://www.cell.com/developmental-cell/home,https://marlin-prod.literatumonline.com/pb-assets/journals/research/cell/methods/Methods%20Guide_general.pdf,https://perma.cc/B4Q7-RFTJ,"Unsure whether this counts as actual statistical guidance, but see e.g. under ""QUANTIFICATION AND STATISTICAL ANALYSIS""",NA
385,8,MSH,CELL,31.398,MOLECULAR BIOLOGY & GENETICS,https://www.cell.com,https://www.cell.com/pb-assets/journals/research/cell/methods/Methods%20Guide.pdf,https://perma.cc/3ZYC-HX9T,"Unsure whether this counts as actual statistical guidance, but see e.g. under ""QUANTIFICATION AND STATISTICAL ANALYSIS""",NA
407,9,DS,Nature Genetics,27.125,MOLECULAR BIOLOGY & GENETICS,https://www.nature.com/ng/,https://www.nature.com/nature-research/editorial-policies/reporting-standards,https://perma.cc/Q2WQ-FPNP,"See also OSF Storage file ""Nature_LifeSciences-reporting-summary.pdf"" (https://osf.io/wrstc/)  (probably needs to be downloaded - problems arise when opened in browser)",NA
528,10,DS,GENES & DEVELOPMENT,9.462,MOLECULAR BIOLOGY & GENETICS,http://genesdev.cshlp.org,NA,NA,FALSE,OK
631,11,MM,Cell Metabolism,20.565,MOLECULAR BIOLOGY & GENETICS,https://www.cell.com/cell-metabolism/home,https://marlin-prod.literatumonline.com/pb-assets/journals/research/cell/methods/Methods%20Guide_general.pdf,https://perma.cc/B4Q7-RFTJ,"Unsure whether this counts as actual statistical guidance, but see e.g. under ""QUANTIFICATION AND STATISTICAL ANALYSIS""",NA
707,12,DS,GENOME BIOLOGY,13.214,MOLECULAR BIOLOGY & GENETICS,https://genomebiology.biomedcentral.com,https://www.biomedcentral.com/getpublished/editorial-policies,https://perma.cc/NQ5C-UK4T,"This page refers to SAMPL/EQUATOR, see under ""Statistical methods""",NA
1028,13,MM,MOLECULAR BIOLOGY AND EVOLUTION,10.217,MOLECULAR BIOLOGY & GENETICS,https://academic.oup.com/mbe,NA,NA,FALSE,OK
2022,14,MSH,MOLECULAR CELL,14.248,MOLECULAR BIOLOGY & GENETICS,https://www.cell.com/molecular-cell/home,https://marlin-prod.literatumonline.com/pb-assets/journals/research/cell/methods/Methods%20Guide_general.pdf,https://perma.cc/B4Q7-RFTJ,"Unsure whether this counts as actual statistical guidance, but see e.g. under ""QUANTIFICATION AND STATISTICAL ANALYSIS""",NA
2055,15,DS,Cell Stem Cell,23.29,MOLECULAR BIOLOGY & GENETICS,https://www.cell.com/cell-stem-cell/home,https://marlin-prod.literatumonline.com/pb-assets/journals/research/cell/methods/Methods%20Guide_general.pdf,https://perma.cc/B4Q7-RFTJ,"Unsure whether this counts as actual statistical guidance, but see e.g. under ""QUANTIFICATION AND STATISTICAL ANALYSIS""",NA
94,1,MM,SCIENCE,41.058,Multidisciplinary,https://www.sciencemag.org/,https://www.sciencemag.org/authors/science-journals-editorial-policies?_ga=2.242917122.1257786745.1574679130-305362327.1560494424,https://perma.cc/B4Q7-RFTJ,"See under ""Statistical Analysis""",NA
165,2,MSH,Nature Communications,12.353,Multidisciplinary,https://www.nature.com/ncomms/,https://www.nature.com/nature-research/editorial-policies/reporting-standards,https://perma.cc/Q2WQ-FPNP,"See also OSF Storage files ""Nature_PhysicalSciences-lasing-reporting.pdf"" (https://osf.io/39ysd/), ""Nature_PhysicalSciences-photovoltaic-reporting.pdf"" (https://osf.io/kwbc2/)  and ""Nature_LifeSciences-reporting-summary.pdf"" (https://osf.io/wrstc/)  (probably needs to be downloaded - problems arise when opened in browser)",NA
178,3,MM,Scientific Data,5.311,Multidisciplinary,https://www.nature.com/sdata?gclid=EAIaIQobChMI7Jrfy6bG5QIVBM53Ch0CQATAEAAYASAAEgLDvPD_BwE,https://www.nature.com/nature-research/editorial-policies/reporting-standards,https://perma.cc/Q2WQ-FPNP; https://perma.cc/JQR8-UQWT,"See also OSF Storage files ""Nature_PhysicalSciences-lasing-reporting.pdf"" (https://osf.io/39ysd/), ""Nature_PhysicalSciences-photovoltaic-reporting.pdf"" (https://osf.io/kwbc2/)  and ""Nature_LifeSciences-reporting-summary.pdf"" (https://osf.io/wrstc/)  (probably needs to be downloaded - problems arise when opened in browser)",NA
195,4,DS,Nature,41.577,Multidisciplinary,https://www.nature.com,https://www.nature.com/nature-research/editorial-policies/reporting-standards,https://perma.cc/Q2WQ-FPNP,"See also OSF Storage files ""Nature_PhysicalSciences-lasing-reporting.pdf"" (https://osf.io/39ysd/), ""Nature_PhysicalSciences-photovoltaic-reporting.pdf"" (https://osf.io/kwbc2/)  and ""Nature_LifeSciences-reporting-summary.pdf"" (https://osf.io/wrstc/)  (probably needs to be downloaded - problems arise when opened in browser)",NA
242,5,MM,Journal of the Royal Society Interface,3.355,Multidisciplinary,https://royalsocietypublishing.org/journal/rsif,NA,NA,FALSE,OK
284,6,MSH,PROCEEDINGS OF THE NATIONAL ACADEMY OF SCIENCES OF THE UNITED STATES OF AMERICA,9.504,Multidisciplinary,https://www.pnas.org,NA,NA,"See OSF Storage file ""PNAS_guidelines"" (https://osf.io/c9y58/), under ""Design and Analysis Transparency"" and ""Statistical Analysis""",NA
294,7,MSH,GigaScience,7.267,Multidisciplinary,https://academic.oup.com/gigascience,https://academic.oup.com/gigascience/pages/editorial_policies_and_reporting_standards,https://perma.cc/8Y2M-HLG6,"This page refers to SAMPL, see under ""Statistical methods""",NA
424,8,MSH,Journal of Advanced Research,4.327,Multidisciplinary,https://www.journals.elsevier.com/journal-of-advanced-research,https://www.elsevier.com/journals/journal-of-advanced-research/2090-1232/guide-for-authors,NA,NA,NA
489,9,DS,Nanoscale Horizons,9.391,Multidisciplinary,https://www.rsc.org/journals-books-databases/about-journals/nanoscale-horizons/,NA,NA,FALSE,OK
575,10,DS,PLoS One,2.766,Multidisciplinary,https://journals.plos.org/plosone/,https://journals.plos.org/plosone/s/best-practices-in-research-reporting,https://perma.cc/9TCY-SNX3; https://perma.cc/LD52-YNYM,This page refers to external guidelines,NA
745,11,MM,Science Bulletin,4.136,Multidisciplinary,https://www.journals.elsevier.com/science-bulletin,NA,NA,FALSE,NA
797,12,DS,Science Advances,11.511,Multidisciplinary,https://advances.sciencemag.org,https://advances.sciencemag.org/content/information-authors,https://perma.cc/3X5N-VYN6,"See under ""Experimental Design and Statistics Guidelines""",NA
863,13,MM,National Science Review,9.408,Multidisciplinary,https://academic.oup.com/nsr,NA,NA,FALSE,OK
964,14,MSH,Annals of the New York Academy of Sciences,4.277,Multidisciplinary,https://nyaspubs.onlinelibrary.wiley.com/journal/17496632,NA,NA,FALSE,OK
2738,15,DS,Scientific Reports,4.122,Multidisciplinary,https://www.nature.com/srep/,https://www.nature.com/srep/author-instructions/submission-guidelines#statistical-guidelines,https://perma.cc/P2GA-ZFZM,"See under ""Statistical guidelines""",NA
2,1,MM,BRAIN,10.848,NEUROSCIENCE & BEHAVIOR,https://academic.oup.com/brain,https://academic.oup.com/brain/pages/General_Instructions,https://perma.cc/BXD3-UJ6S,"See under ""Statistical analyses""",NA
3,2,MSH,PROGRESS IN NEUROBIOLOGY,14.163,NEUROSCIENCE & BEHAVIOR,https://www.journals.elsevier.com/progress-in-neurobiology,NA,NA,FALSE,OK
56,3,MM,NEUROLOGY,8.055,NEUROSCIENCE & BEHAVIOR,https://www.neurology.org/,https://www.neurology.org/research-policies-and-guidelines,https://perma.cc/QU6K-AMGC,"See under ""Statistics"" and ""Genetic Studies""",NA
64,4,DS,JAMA Neurology,11.46,NEUROSCIENCE & BEHAVIOR,https://jamanetwork.com/journals/jamaneurology,https://jamanetwork.com/journals/jamaneurology/pages/instructions-for-authors,https://perma.cc/QS54-WZ3K,"This page refers to external guidelines, e.g. EQUATOR and CONSORT",NA
260,5,MM,MOLECULAR PSYCHIATRY,11.64,NEUROSCIENCE & BEHAVIOR,https://www.nature.com/mp/,https://www.nature.com/nature-research/editorial-policies/reporting-standards,https://perma.cc/Q2WQ-FPNP,"See also OSF Storage files ""Nature_PhysicalSciences-lasing-reporting.pdf"" (https://osf.io/39ysd/), ""Nature_PhysicalSciences-photovoltaic-reporting.pdf"" (https://osf.io/kwbc2/)  and ""Nature_LifeSciences-reporting-summary.pdf"" (https://osf.io/wrstc/)  (probably needs to be downloaded - problems arise when opened in browser)",NA
397,6,MSH,BIOLOGICAL PSYCHIATRY,11.984,NEUROSCIENCE & BEHAVIOR,https://www.biologicalpsychiatryjournal.com,NA,NA,"OSF Storage file ""BPS_Guide_for_Authors"" (https://osf.io/h469n/) refers to external guidelines, see under ""Research and Data Reporting Guidelines""",NA
431,7,MSH,LANCET NEUROLOGY,27.144,NEUROSCIENCE & BEHAVIOR,https://www.thelancet.com/journals/laneur/issue/current,https://els-jbs-prod-cdn.literatumonline.com/pb/assets/raw/Lancet/authors/tln-info-for-authors-1573836176437.pdf,https://perma.cc/X2TB-PA9V,This file refers to CONSORT,NA
439,8,MSH,ANNALS OF NEUROLOGY,10.25,NEUROSCIENCE & BEHAVIOR,https://onlinelibrary.wiley.com/journal/15318249,https://onlinelibrary.wiley.com/page/journal/15318249/homepage/forauthors.html,https://perma.cc/4QRD-TUUS,This page refers to CONSORT,NA
444,9,DS,Alzheimers & Dementia,12.764,NEUROSCIENCE & BEHAVIOR,https://www.alzheimersanddementia.com,NA,NA,FALSE,OK
637,10,DS,ACTA NEUROPATHOLOGICA,15.876,NEUROSCIENCE & BEHAVIOR,https://www.springer.com/journal/401,https://www.springer.com/journal/401/submission-guidelines,http://web.archive.org/web/20191120140733/https://www.springer.com/journal/401/submission-guidelines,NA,NA
720,11,MM,Translational Stroke Research,8.266,NEUROSCIENCE & BEHAVIOR,https://link.springer.com/journal/12975,https://www.springer.com/journal/12975/submission-guidelines,https://web.archive.org/web/20191120140758/https://www.springer.com/journal/12975/submission-guidelines,NA,NA
818,12,DS,NEURON,14.319,NEUROSCIENCE & BEHAVIOR,https://www.cell.com/neuron/home,https://marlin-prod.literatumonline.com/pb-assets/journals/research/cell/methods/Methods%20Guide_general.pdf,https://perma.cc/B4Q7-RFTJ,"Unsure whether this counts as actual statistical guidance, but see e.g. under ""QUANTIFICATION AND STATISTICAL ANALYSIS""",NA
988,13,MM,MOVEMENT DISORDERS,8.324,NEUROSCIENCE & BEHAVIOR,https://onlinelibrary.wiley.com/journal/15318257,https://onlinelibrary.wiley.com/page/journal/15318257/homepage/forauthors.html,https://perma.cc/24DW-LVPY,"This page refers to external guidelines, see under ""Reporting Guidelines""",NA
1993,14,MSH,NEURO-ONCOLOGY,9.384,NEUROSCIENCE & BEHAVIOR,https://academic.oup.com/neuro-oncology,https://academic.oup.com/neuro-oncology/pages/General_Instructions,https://perma.cc/NZ26-WZ6M,"This page refers to external guidelines, see under ""Special Requirements for pre-clinical studies"" and ""Special requirements for other articles""",NA
2979,15,DS,Nature Neuroscience,19.912,NEUROSCIENCE & BEHAVIOR,https://www.nature.com/neuro/,https://www.nature.com/nature-research/editorial-policies/reporting-standards,https://perma.cc/Q2WQ-FPNP,"See also OSF Storage files ""Nature_PhysicalSciences-lasing-reporting.pdf"" (https://osf.io/39ysd/), ""Nature_PhysicalSciences-photovoltaic-reporting.pdf"" (https://osf.io/kwbc2/)  and ""Nature_LifeSciences-reporting-summary.pdf"" (https://osf.io/wrstc/)  (probably needs to be downloaded - problems arise when opened in browser)",NA
153,1,MM,JOURNAL OF CONTROLLED RELEASE,7.877,PHARMACOLOGY & TOXICOLOGY,https://www.journals.elsevier.com/journal-of-controlled-release,NA,NA,FALSE,OK
166,2,MSH,DRUGS,4.69,PHARMACOLOGY & TOXICOLOGY,https://link.springer.com/journal/40265,https://www.springer.com/journal/40265/submission-guidelines,http://web.archive.org/web/20191120112359/https://www.springer.com/journal/40265/submission-guidelines,NA,NA
176,3,MM,PHARMACOLOGICAL RESEARCH,4.897,PHARMACOLOGY & TOXICOLOGY,https://www.journals.elsevier.com/pharmacological-research,https://www.elsevier.com/journals/pharmacological-research/1043-6618/guide-for-authors,https://web.archive.org/web/20160522031654/https://www.elsevier.com/journals/pharmacological-research/1043-6618/guide-for-authors,NA,NA
182,4,DS,BRITISH JOURNAL OF PHARMACOLOGY,6.81,PHARMACOLOGY & TOXICOLOGY,https://bpspubs.onlinelibrary.wiley.com/journal/14765381,Link 1: https://bpspubs.onlinelibrary.wiley.com/hub/journal/14765381/author-guidelines.html ; link 2: https://bpspubs.onlinelibrary.wiley.com/doi/full/10.1111/bph.14153 ; link 3: https://bpspubs.onlinelibrary.wiley.com/doi/epdf/10.1111/bph.14207,"Link 1: https://perma.cc/94ZM-NAU2 ; link 2: https://perma.cc/94JY-HYDH ; link 3: see OSF Storage file ""BJP_Guidelines"" (https://osf.io/r5tdb/)","See link 1, under ""Experimental design and analysis"". Link 2 and 3 are the guideline pages that are referred to in link 1. Link 3 is, as far as I can tell, a distillation of link 2.",NA
313,5,MM,Particle and Fibre Toxicology,6.105,PHARMACOLOGY & TOXICOLOGY,https://particleandfibretoxicology.biomedcentral.com,https://www.biomedcentral.com/getpublished/editorial-policies,https://perma.cc/NQ5C-UK4T,"This page refers to SAMPL/EQUATOR, see under ""Statistical methods""",NA
519,6,MSH,Therapeutic Advances in Chronic Disease,4.9,PHARMACOLOGY & TOXICOLOGY,https://journals.sagepub.com/home/taj,https://journals.sagepub.com/author-instructions/TAJ,https://perma.cc/26F7-3QFS,"This page refers to external guidelines, see under ""4.8 Reporting guidelines""",NA
554,7,MSH,CLINICAL PHARMACOLOGY & THERAPEUTICS,6.544,PHARMACOLOGY & TOXICOLOGY,https://ascpt.onlinelibrary.wiley.com/journal/15326535,https://ascpt.onlinelibrary.wiley.com/page/journal/15326535/guidetoauthors,http://web.archive.org/web/20191120111619/https://ascpt.onlinelibrary.wiley.com/page/journal/15326535/guidetoauthors,NA,NA
955,8,MSH,EXPERT OPINION ON THERAPEUTIC TARGETS,4.598,PHARMACOLOGY & TOXICOLOGY,https://www.tandfonline.com/loi/iett20,https://www.tandfonline.com/action/authorSubmission?show=instructions&journalCode=iett20,https://perma.cc/L9N7-2QFQ,"This page refers to ICMJE guidelines (see under ""Clinical Trials Registry""). It looks like this guideline includes statistical guidance of some sort",NA
1016,9,DS,VALUE IN HEALTH,5.494,PHARMACOLOGY & TOXICOLOGY,https://www.valueinhealthjournal.com,https://www.ispor.org/docs/default-source/publications/vih-guide-for-authors_pdf-for-download.pdf?sfvrsn=37273455_4,https://perma.cc/JNA2-UUX7,This page refers to CONSORT (p. 3),NA
1165,10,DS,Nanotoxicology,5.811,PHARMACOLOGY & TOXICOLOGY,https://www.tandfonline.com/loi/inan20,https://www.tandfonline.com/action/authorSubmission?show=instructions&journalCode=inan20,https://perma.cc/6CHQ-V83U,"This page refers to ICMJE guidelines (see under ""Clinical Trials Registry""). It looks like this guideline includes statistical guidance of some sort",NA
1307,11,MM,Expert Opinion on Drug Delivery,5.553,PHARMACOLOGY & TOXICOLOGY,https://www.tandfonline.com/loi/iedd20,https://www.tandfonline.com/action/authorSubmission?show=instructions&journalCode=inan21,https://perma.cc/3WZD-6MKB,"This page refers to ICMJE guidelines (see under ""Clinical Trials Registry""). It looks like this guideline includes statistical guidance of some sort",NA
1388,12,DS,ARCHIVES OF TOXICOLOGY,5.728,PHARMACOLOGY & TOXICOLOGY,https://link.springer.com/journal/204,https://www.springer.com/journal/204/submission-guidelines,https://www.springer.com/journal/204/submission-guidelines,NA,NA
1759,13,MM,Acta Pharmaceutica Sinica B,6.014,PHARMACOLOGY & TOXICOLOGY,https://www.journals.elsevier.com/acta-pharmaceutica-sinica-b,https://www.elsevier.com/journals/acta-pharmaceutica-sinica-b/2211-3835/guide-for-authors,https://web.archive.org/web/20191111143957/https://www.elsevier.com/journals/acta-pharmaceutica-sinica-b/2211-3835/guide-for-authors,NA,NA
2859,14,MSH,ALIMENTARY PHARMACOLOGY & THERAPEUTICS,7.357,PHARMACOLOGY & TOXICOLOGY,https://onlinelibrary.wiley.com/journal/13652036,https://onlinelibrary.wiley.com/page/journal/13652036/homepage/forauthors.html,http://web.archive.org/web/20191120111616/https://onlinelibrary.wiley.com/page/journal/13652036/homepage/forauthors.html,NA,NA
2978,15,DS,JOURNAL OF ANTIMICROBIAL CHEMOTHERAPY,5.217,PHARMACOLOGY & TOXICOLOGY,https://academic.oup.com/jac,https://academic.oup.com/jac/pages/General_Instructions,https://perma.cc/5ZMX-JYP5,"This page refers to external guidelines, see under ""Reporting standards""",NA
49,1,MM,Nature Physics,22.727,PHYSICS,https://www.nature.com/nphys/,https://www.nature.com/nature-research/editorial-policies/reporting-standards,https://perma.cc/Q2WQ-FPNP,"See also OSF Storage files ""Nature_PhysicalSciences-lasing-reporting.pdf"" and ""Nature_PhysicalSciences-photovoltaic-reporting.pdf"" (https://osf.io/39ysd/ and https://osf.io/kwbc2/)  (probably needs to be downloaded - problems arise when opened in browser)",NA
53,2,MSH,Nano Letters,12.08,PHYSICS,https://pubs.acs.org/journal/nalefd,NA,NA,FALSE,OK
140,3,MM,Physical Review X,14.385,PHYSICS,https://journals.aps.org/prx/,NA,NA,FALSE,OK
248,4,DS,Optica,7.536,PHYSICS,https://www.osapublishing.org/optica/home.cfm,NA,NA,FALSE,OK
258,5,MM,ACS Photonics,6.88,PHYSICS,https://pubs.acs.org/journal/apchd5,NA,NA,FALSE,OK
275,6,MSH,Nanoscale,7.233,PHYSICS,https://www.rsc.org/journals-books-databases/about-journals/nanoscale/,NA,NA,FALSE,OK
477,7,MSH,Laser & Photonics Reviews,8.529,PHYSICS,https://onlinelibrary.wiley.com/journal/18638899,NA,NA,FALSE,OK
498,8,MSH,Nano Research,7.994,PHYSICS,https://link.springer.com/journal/12274,NA,NA,FALSE,OK
526,9,DS,Nature Photonics,32.521,PHYSICS,https://www.nature.com/nphoton/,https://www.nature.com/nature-research/editorial-policies/reporting-standards,https://perma.cc/Q2WQ-FPNP,"See also OSF Storage files ""Nature_PhysicalSciences-lasing-reporting.pdf"" and ""Nature_PhysicalSciences-photovoltaic-reporting.pdf"" (https://osf.io/39ysd/ and https://osf.io/kwbc2/)  (probably needs to be downloaded - problems arise when opened in browser)",NA
592,10,DS,npj Quantum Information,9.206,PHYSICS,https://www.nature.com/npjqi/,https://www.nature.com/nature-research/editorial-policies/reporting-standards,https://perma.cc/Q2WQ-FPNP,"See also OSF Storage files ""Nature_PhysicalSciences-lasing-reporting.pdf"" and ""Nature_PhysicalSciences-photovoltaic-reporting.pdf"" (https://osf.io/39ysd/ and https://osf.io/kwbc2/)  (probably needs to be downloaded - problems arise when opened in browser)",NA
794,11,MM,Light-Science & Applications,13.625,PHYSICS,https://www.nature.com/lsa/,https://www.nature.com/nature-research/editorial-policies/reporting-standards,https://perma.cc/Q2WQ-FPNP,"See also OSF Storage files ""Nature_PhysicalSciences-lasing-reporting.pdf"" and ""Nature_PhysicalSciences-photovoltaic-reporting.pdf"" (https://osf.io/39ysd/ and https://osf.io/kwbc2/)  (probably needs to be downloaded - problems arise when opened in browser)",NA
920,12,DS,Advanced Science,12.441,PHYSICS,https://onlinelibrary.wiley.com/journal/21983844,https://onlinelibrary.wiley.com/page/journal/21983844/homepage/2749_authorresources.html,https://perma.cc/64L7-RDLL,"See OSF Storage file ""AEM_checklist"" (https://osf.io/4u6pr/), which refers to CONSORT. This file looks like general guidelines, but was specifically found through the Author Resources for Advanced Science and is not generally referred to by all Wiley journals",NA
925,13,MM,Applied Physics Reviews,12.894,PHYSICS,https://aip.scitation.org/journal/are,NA,NA,FALSE,OK
1001,14,MSH,Advances in Optics and Photonics,21.286,PHYSICS,https://www.osapublishing.org/aop/home.cfm,NA,NA,FALSE,OK
1350,15,DS,Nanophotonics,6.014,PHYSICS,https://www.degruyter.com/view/j/nanoph?lang=en,NA,NA,FALSE,OK
8,1,MM,Molecular Plant,9.326,PLANT & ANIMAL SCIENCE,https://www.cell.com/molecular-plant/home,https://www.cell.com/molecular-plant/authors,https://perma.cc/W7NT-SZG2?type=image,"See under ""Methods"" (you may need to use Screenshot View in Perma)",NA
16,2,MSH,WILDLIFE MONOGRAPHS,4.8,PLANT & ANIMAL SCIENCE,https://wildlife.onlinelibrary.wiley.com/journal/19385455,https://wildlife.onlinelibrary.wiley.com/pb-assets/assets/19385455/TWSGuidelines2019-1569866837327.docx,NA,"See OSF Storage file ""TWSGuidelines2019"" (https://osf.io/6upz2/), under ""MATHEMATICS AND STATISTICS""",NA
30,3,MM,PLANT PHYSIOLOGY,5.949,PLANT & ANIMAL SCIENCE,http://www.plantphysiol.org,https://pphys.msubmit.net/cgi-bin/main.plex?form_type=display_auth_instructions,https://perma.cc/2GCQ-RMY3,"See under ""Full submission guidelines"" -> ""Statistical analysis"". Inserted here in full, because the Perma link is strange: ""All datasets must be complete and include details of relevant statistical analyses (means, standard deviations, etc.) as well as methods of data normalization, transformation, statistical tests and the statistical package or program used. Statistics and error bars must be applied for independent experiments and not for replicates within a single experiment. In general, a minimum of three biological replicates are required. For a detailed discussion of error bars in experimental biology, see Cumming et al., J. Cell Biol. 177: 7-11.""",NA
54,4,DS,CLADISTICS,5.877,PLANT & ANIMAL SCIENCE,https://onlinelibrary.wiley.com/journal/10960031,NA,NA,FALSE,OK
111,5,MM,FUNGAL DIVERSITY,14.078,PLANT & ANIMAL SCIENCE,https://link.springer.com/journal/13225,NA,NA,FALSE,OK
128,6,MSH,JOURNAL OF EXPERIMENTAL BOTANY,5.354,PLANT & ANIMAL SCIENCE,https://academic.oup.com/jxb,https://academic.oup.com/jxb/pages/General_Instructions,https://perma.cc/6K8A-4GPW,"Unsure whether this counts, but this page refers to external guideline MIQE, see under ""Further editorial guidance""",NA
228,7,MSH,PLANT JOURNAL,5.775,PLANT & ANIMAL SCIENCE,https://onlinelibrary.wiley.com/journal/1365313x,https://onlinelibrary.wiley.com/page/journal/1365313x/homepage/forauthors.html,https://perma.cc/A84J-YTUC,"Unsure whether this counts, but see under ""Statistics""",NA
280,8,MSH,NEW PHYTOLOGIST,7.433,PLANT & ANIMAL SCIENCE,https://nph.onlinelibrary.wiley.com/journal/14698137,https://nph.onlinelibrary.wiley.com/hub/journal/14698137/about/author-guidelines,https://perma.cc/WX6B-N3VA?type=image,"Unsure whether this counts, but see under ""Statistics""",NA
363,9,DS,STUDIES IN MYCOLOGY,11.633,PLANT & ANIMAL SCIENCE,https://www.journals.elsevier.com/studies-in-mycology,NA,NA,FALSE,OK
401,10,DS,PLANT BIOTECHNOLOGY JOURNAL,6.305,PLANT & ANIMAL SCIENCE,https://onlinelibrary.wiley.com/journal/14677652,https://onlinelibrary.wiley.com/page/journal/14677652/homepage/forauthors.html,https://perma.cc/N4EQ-Z7TL,"Unsure whether this counts, but see under ""Statistics""",NA
465,11,MM,Nature Plants,11.471,PLANT & ANIMAL SCIENCE,https://www.nature.com/nplants/,https://www.nature.com/nature-research/editorial-policies/reporting-standards,https://perma.cc/Q2WQ-FPNP,"See also OSF Storage file ""Nature_LifeSciences-reporting-summary.pdf"" (https://osf.io/wrstc/)  (probably needs to be downloaded - problems arise when opened in browser)",NA
579,12,DS,Evolutionary Applications,4.694,PLANT & ANIMAL SCIENCE,https://onlinelibrary.wiley.com/journal/17524571,https://onlinelibrary.wiley.com/page/journal/17524571/homepage/forauthors.html,http://web.archive.org/web/20191120144953/https://onlinelibrary.wiley.com/page/journal/17524571/homepage/forauthors.html,FALSE,NA
677,13,MM,PERSOONIA,8.182,PLANT & ANIMAL SCIENCE,http://www.persoonia.org,NA,NA,FALSE,OK
698,14,MSH,PLANT CELL,8.228,PLANT & ANIMAL SCIENCE,http://www.plantcell.org,https://tpc.msubmit.net/cgi-bin/main.plex?form_type=display_auth_instructions,http://web.archive.org/web/20191120144648/https://tpc.msubmit.net/cgi-bin/main.plex?form_type=display_auth_instructions,NA,NA
1015,15,DS,PLANT CELL AND ENVIRONMENT,5.415,PLANT & ANIMAL SCIENCE,https://onlinelibrary.wiley.com/journal/13653040,https://onlinelibrary.wiley.com/page/journal/13653040/homepage/forauthors.html,http://web.archive.org/web/20191120144950/https://onlinelibrary.wiley.com/page/journal/13653040/homepage/forauthors.html,NA,NA
41,1,MM,JOURNAL OF THE AMERICAN ACADEMY OF CHILD AND ADOLESCENT PSYCHIATRY,6.25,PSYCHIATRY_PSYCHOLOGY,https://www.jaacap.org,https://www.jaacap.org/content/authorinfo,https://perma.cc/K69X-LJZM,"Unsure whether this counts as actual statistical guidance, but see under ""Method"" and ""Results"" (you may need to use Screenshot View in Perma)",NA
47,2,MSH,Epidemiology and Psychiatric Sciences,5.684,PSYCHIATRY_PSYCHOLOGY,https://www.cambridge.org/core/journals/epidemiology-and-psychiatric-sciences,https://www.cambridge.org/core/journals/epidemiology-and-psychiatric-sciences/information/instructions-contributors,http://web.archive.org/web/20191125131518/https://www.cambridge.org/core/journals/epidemiology-and-psychiatric-sciences/information/instructions-contributors,"This page refers to EQUATOR, see under ""Reporting Guidelines""",NA
109,3,MM,PSYCHOLOGICAL INQUIRY,26.364,PSYCHIATRY_PSYCHOLOGY,https://www.tandfonline.com/loi/hpli20,NA,NA,FALSE,OK
231,4,DS,PSYCHOLOGICAL METHODS,6.485,PSYCHIATRY_PSYCHOLOGY,https://www.apa.org/pubs/journals/met/,Link 1: https://www.apa.org/pubs/journals/met/?tab=4 ; Link 2: https://www.apa.org/pubs/books/4200066,Link 1: https://perma.cc/R3YT-SURD ; Link 2: https://perma.cc/47Y3-GYDB,"Link 1 (under ""Manuscript Preparation"") refers to  Publication Manual of the American Psychological Association (6th edition) (see link 2). Link 2 states that the APA manual contains guidelines on statistics. However, I can't access the APA manual to verify these guidelines.",NA
285,5,MM,AMERICAN JOURNAL OF PSYCHIATRY,13.396,PSYCHIATRY_PSYCHOLOGY,https://ajp.psychiatryonline.org,https://ajp.psychiatryonline.org/ajp_ifora,https://perma.cc/C2XM-UVY4,"This page refers to CONSORT, under ""Data analysis""",NA
338,6,MSH,JOURNAL OF CHILD PSYCHOLOGY AND PSYCHIATRY,6.486,PSYCHIATRY_PSYCHOLOGY,https://onlinelibrary.wiley.com/journal/14697610,https://onlinelibrary.wiley.com/page/journal/14697610/homepage/forauthors.html,https://perma.cc/72TV-NA87,"This page refers to CONSORT, see under ""Recommended guidelines and standards""",NA
365,7,MSH,BRITISH JOURNAL OF PSYCHIATRY,5.867,PSYCHIATRY_PSYCHOLOGY,https://www.cambridge.org/core/journals/the-british-journal-of-psychiatry,https://www.cambridge.org/core/journals/the-british-journal-of-psychiatry/information/instructions-contributors,https://perma.cc/N9JC-DH56,"This page refers to external guidelines, e.g. CONSORT and STROBE",NA
400,8,MSH,PERSONNEL PSYCHOLOGY,5.523,PSYCHIATRY_PSYCHOLOGY,https://onlinelibrary.wiley.com/journal/17446570,https://onlinelibrary.wiley.com/page/journal/17446570/homepage/forauthors.html,http://web.archive.org/web/20191121095539/https://onlinelibrary.wiley.com/page/journal/17446570/homepage/forauthors.html,NA,NA
449,9,DS,JOURNAL OF PERSONALITY AND SOCIAL PSYCHOLOGY,5.733,PSYCHIATRY_PSYCHOLOGY,https://www.apa.org/pubs/journals/psp/,https://www.apa.org/pubs/journals/resources/preparation-submission,NA,"OSF Storage file ""APA_guidelines"" (https://osf.io/z76cy/) page refers to JARS guidelines (for some reason Perma couldn't capture this site)",NA
587,10,DS,PSYCHOLOGICAL SCIENCE,6.128,PSYCHIATRY_PSYCHOLOGY,https://journals.sagepub.com/home/pss,https://www.psychologicalscience.org/publications/psychological_science/ps-submissions#STAT,https://perma.cc/ZF5D-SQW2,"See under ""Statistics""",NA
1291,11,MM,PSYCHOTHERAPY AND PSYCHOSOMATICS,13.122,PSYCHIATRY_PSYCHOLOGY,https://www.karger.com/Journal/Home/223864,https://www.karger.com/Journal/Guidelines/223864,https://perma.cc/6W53-H728,"This page refers to external guidelines. See under ""Article Types"" and ""Clinical Trials""",NA
1311,12,DS,JAMA Psychiatry,16.642,PSYCHIATRY_PSYCHOLOGY,https://jamanetwork.com/journals/jamapsychiatry,https://jamanetwork.com/journals/jamapsychiatry/pages/instructions-for-authors,https://jamanetwork.com/journals/jamapsychiatry/pages/instructions-for-authors,"This page refers to external guidelines, e.g. CONSORT and EQUATOR",NA
1375,13,MM,World Psychiatry,30,PSYCHIATRY_PSYCHOLOGY,https://onlinelibrary.wiley.com/journal/20515545,NA,NA,FALSE,NA
2099,14,MSH,PSYCHOLOGICAL MEDICINE,5.475,PSYCHIATRY_PSYCHOLOGY,https://www.cambridge.org/core/journals/psychological-medicine,Link 1: https://www.cambridge.org/core/journals/psychological-medicine/information/instructions-contributors ; Link 2: https://www.ncbi.nlm.nih.gov/pmc/articles/PMC1547706/pdf/bmjcred00552-0033.pdf,Link 1: https://perma.cc/37WY-EHQP ; Link 2: https://perma.cc/77YQ-ESM5,"Link 1 (see under ""Submission of manuscripts"") refers to a paper on stats guidance (Link 2)",NA
3616,15,DS,Lancet Psychiatry,15.233,PSYCHIATRY_PSYCHOLOGY,https://www.thelancet.com/journals/lanpsy/home,https://els-jbs-prod-cdn.literatumonline.com/pb/assets/raw/Lancet/authors/tlp-info-for-authors-1573836177763.pdf,https://perma.cc/6J5Q-DDRD,"This document refers to external guidelines, see p. 3",NA
37,1,MM,EUROPEAN JOURNAL OF EPIDEMIOLOGY,7.023,"SOCIAL SCIENCES, GENERAL",https://link.springer.com/journal/10654,https://www.springer.com/journal/10654/submission-guidelines,https://web.archive.org/web/20191120150740/https://www.springer.com/journal/10654/submission-guidelines,NA,NA
46,2,MSH,MIS QUARTERLY,5.43,"SOCIAL SCIENCES, GENERAL",https://www.misq.org,NA,NA,FALSE,OK
80,3,MM,ECONOMIC GEOGRAPHY,6.438,"SOCIAL SCIENCES, GENERAL",https://www.tandfonline.com/loi/recg20,NA,NA,FALSE,OK
125,4,DS,Journal of Travel Research,5.169,"SOCIAL SCIENCES, GENERAL",https://journals.sagepub.com/home/jtr,NA,NA,FALSE,OK
143,5,MM,AMERICAN JOURNAL OF POLITICAL SCIENCE,5.22,"SOCIAL SCIENCES, GENERAL",https://onlinelibrary.wiley.com/journal/15405907,https://ajps.org/guidelines-for-manuscripts/manuscript-preparation/,https://perma.cc/7MRJ-PZRA,"the perma link is from 2021, however the page says it was revised only in July 2019",NA
174,6,MSH,International Journal of Behavioral Nutrition and Physical Activity,5.548,"SOCIAL SCIENCES, GENERAL",https://ijbnpa.biomedcentral.com,https://ijbnpa.biomedcentral.com/submission-guidelines/preparing-your-manuscript/research,https://perma.cc/TNL9-8LG9,"This page refers to external guidelines, e.g. CONSORT and STROBE, see under ""Criteria""",NA
214,7,MSH,MILBANK QUARTERLY,6,"SOCIAL SCIENCES, GENERAL",https://onlinelibrary.wiley.com/journal/14680009,NA,NA,FALSE,OK
327,8,MSH,GLOBAL ENVIRONMENTAL CHANGE-HUMAN AND POLICY DIMENSIONS,6.371,"SOCIAL SCIENCES, GENERAL",https://www.journals.elsevier.com/global-environmental-change,NA,NA,FALSE,OK
330,9,DS,BULLETIN OF THE WORLD HEALTH ORGANIZATION,6.361,"SOCIAL SCIENCES, GENERAL",https://www.who.int/bulletin/en/,https://www.who.int/bulletin/volumes/97/1/19-960119/en/,https://perma.cc/AL4R-RMXP,"This page refers to EQUATOR, see under ""Research""",NA
340,10,DS,TOURISM MANAGEMENT,5.921,"SOCIAL SCIENCES, GENERAL",https://www.journals.elsevier.com/tourism-management,https://www.elsevier.com/journals/tourism-management/0261-5177/guide-for-authors,https://perma.cc/WA4S-PNM4,"Unsure whether this counts, but see under ""Articles using quantitative methods""",NA
660,11,MM,INTERNATIONAL JOURNAL OF EPIDEMIOLOGY,8.36,"SOCIAL SCIENCES, GENERAL",https://academic.oup.com/ije,https://academic.oup.com/ije/pages/Instructions_To_Authors,https://perma.cc/RU22-2T4D,"This page rrefers to external guidelines, see under ""Reporting Guidelines""",NA
754,12,DS,AMERICAN SOCIOLOGICAL REVIEW,5.063,"SOCIAL SCIENCES, GENERAL",https://journals.sagepub.com/home/asr,https://journals.sagepub.com/author-instructions/ASR,http://web.archive.org/web/20191123144312/https://journals.sagepub.com/author-instructions/ASR,NA,NA
985,13,MM,YALE LAW JOURNAL,5.2,"SOCIAL SCIENCES, GENERAL",https://www.yalelawjournal.org,NA,NA,FALSE,OK
1579,14,MSH,ANNALS OF TOURISM RESEARCH,5.086,"SOCIAL SCIENCES, GENERAL",https://www.journals.elsevier.com/annals-of-tourism-research,NA,NA,FALSE,OK
2503,15,DS,Internet and Higher Education,5.847,"SOCIAL SCIENCES, GENERAL",https://www.journals.elsevier.com/the-internet-and-higher-education,NA,NA,FALSE,OK
33,1,MM,ASTROPARTICLE PHYSICS,3.203,SPACE SCIENCE,https://www.journals.elsevier.com/astroparticle-physics,NA,NA,FALSE,OK
34,2,MSH,Astrophysical Journal Letters,6.634,SPACE SCIENCE,https://iopscience.iop.org/journal/2041-8205,NA,NA,FALSE,OK
61,3,MM,PUBLICATIONS OF THE ASTRONOMICAL SOCIETY OF AUSTRALIA,4.63,SPACE SCIENCE,https://www.cambridge.org/core/journals/publications-of-the-astronomical-society-of-australia,NA,NA,FALSE,OK
343,4,DS,ASTROPHYSICAL JOURNAL SUPPLEMENT SERIES,8.561,SPACE SCIENCE,https://iopscience.iop.org/journal/0067-0049,NA,NA,FALSE,OK
353,5,MM,ASTROPHYSICAL JOURNAL,5.551,SPACE SCIENCE,https://iopscience.iop.org/journal/0004-637X,NA,NA,FALSE,OK
438,6,MSH,ASTRONOMY & ASTROPHYSICS,5.565,SPACE SCIENCE,https://www.aanda.org,NA,NA,FALSE,OK
460,7,MSH,ACTA ASTRONOMICA,3.667,SPACE SCIENCE,http://acta.astrouw.edu.pl,NA,NA,FALSE,OK
539,8,MSH,JOURNAL OF GEOPHYSICAL RESEARCH-PLANETS,3.544,SPACE SCIENCE,https://agupubs.onlinelibrary.wiley.com/journal/21699100,NA,NA,FALSE,OK
618,9,DS,PUBLICATIONS OF THE ASTRONOMICAL SOCIETY OF THE PACIFIC,3.409,SPACE SCIENCE,https://iopscience.iop.org/journal/1538-3873,https://iopscience.iop.org/journal/1538-3873/page/instructions_for_authors,https://perma.cc/Y2TS-JQ7T,"Unsure whether this counts, but see under ""Guidelines for the minimum standard of scientific content for consideration of binary star articles""",NA
739,10,DS,MONTHLY NOTICES OF THE ROYAL ASTRONOMICAL SOCIETY,5.194,SPACE SCIENCE,https://academic.oup.com/mnras,NA,NA,FALSE,OK
824,11,MM,ASTROBIOLOGY,3.61,SPACE SCIENCE,https://home.liebertpub.com/publications/astrobiology/99,https://home.liebertpub.com/publications/astrobiology/99/for-authors,https://web.archive.org/web/20191120143252/https://home.liebertpub.com/publications/astrobiology/99/for-authors,NA,NA
1266,12,DS,ASTRONOMICAL JOURNAL,4.15,SPACE SCIENCE,https://iopscience.iop.org/journal/1538-3881,NA,NA,FALSE,OK
1330,13,MM,Physics of the Dark Universe,6.509,SPACE SCIENCE,https://www.journals.elsevier.com/physics-of-the-dark-universe,NA,NA,FALSE,OK
1459,14,MSH,ICARUS,2.981,SPACE SCIENCE,https://www.journals.elsevier.com/icarus,NA,NA,FALSE,OK
1695,15,DS,JOURNAL OF COSMOLOGY AND ASTROPARTICLE PHYSICS,5.126,SPACE SCIENCE,https://iopscience.iop.org/journal/1475-7516,NA,NA,FALSE,OK
